season,season_type,week,game_id,team,time_weighted_margin,pct_game_time_leading,pct_game_time_wp_gt_75,never_trailed,final_margin
2025,REG,1,2025_01_SF_SEA,SEA,0.3975,36.833333333333336,0.9444444444444444,0.0,-4.0
2025,REG,2,2025_02_SEA_PIT,SEA,2.115,61.972222222222214,21.27777777777778,0.0,14.0
2025,REG,3,2025_03_NO_SEA,SEA,26.059166666666666,91.5,90.61111111111111,1.0,31.0
2025,REG,4,2025_04_SEA_ARI,SEA,6.6802777777777775,77.05555555555556,53.388888888888886,0.0,3.0
2025,REG,5,2025_05_TB_SEA,SEA,-3.0252777777777777,12.277777777777779,2.166666666666667,0.0,-3.0
2025,REG,6,2025_06_SEA_JAX,SEA,5.0625,64.5,47.97222222222222,0.0,8.0
2025,REG,7,2025_07_HOU_SEA,SEA,9.911666666666667,87.69444444444444,81.30555555555556,1.0,8.0
2025,REG,9,2025_09_SEA_WAS,SEA,17.748333333333335,80.25,71.36111111111111,1.0,24.0
2025,REG,10,2025_10_ARI_SEA,SEA,22.282222222222224,93.3611111111111,90.61111111111111,1.0,22.0
2025,REG,11,2025_11_SEA_LA,SEA,-5.834444444444444,0.0,0.0,0.0,-2.0
2025,REG,12,2025_12_SEA_TEN,SEA,8.718055555555555,68.6388888888889,63.583333333333336,0.0,6.0
2025,REG,13,2025_13_MIN_SEA,SEA,10.556111111111111,62.0,54.97222222222222,1.0,26.0
2025,REG,14,2025_14_SEA_ATL,SEA,8.18388888888889,50.0,39.33333333333333,0.0,28.0
2025,REG,15,2025_15_IND_SEA,SEA,-2.2333333333333334,3.3333333333333335,0.5,0.0,2.0
2025,REG,16,2025_16_LA_SEA,SEA,-2.3025,38.638888888888886,3.6111111111111107,0.0,0.0
2025,REG,17,2025_17_SEA_CAR,SEA,4.8886111111111115,64.08333333333334,37.80555555555555,1.0,17.0
2025,REG,18,2025_18_SEA_SF,SEA,6.7122222222222225,82.69444444444444,38.83333333333333,1.0,10.0
2025,POST,20,2025_20_SF_SEA,SEA,19.34888888888889,100.0,92.5,1.0,35.0
2025,POST,21,2025_21_LA_SEA,SEA,4.350555555555555,89.11111111111111,38.05555555555556,0.0,4.0
2025,POST,22,2025_22_SEA_NE,SEA,8.325833333333334,95.05555555555556,53.333333333333336,1.0,16.0
